"","r.squared","adj.r.squared"
"1",0.12147618848319,0.0564301992436548
