"","r.squared","adj.r.squared"
"1",0.358414048777465,0.270925055428938
