"","r.squared","adj.r.squared"
"1",0.061209344250486,0.0542956077077825
