"","r.squared","adj.r.squared"
"1",0.0134787893195999,0.00577332206274284
