"","Df","Variance","F","Pr(>F)"
"Model",2,41.7028597898539,1.61765820406689,0.001
"Residual",154,1985.04244947777,NA,NA
