"","Df","Variance","F","Pr(>F)"
"Model",16,375.84269150597,1.82237206398113,0.001
"Residual",154,1985.04244947777,NA,NA
