"","Df","Variance","F","Pr(>F)"
"Model",3,189.37937529709,4.89736358088538,0.001
"Residual",154,1985.04244947777,NA,NA
