"","Df","Variance","F","Pr(>F)"
"Model",21,1108.91938945479,4.09667587955506,0.001
"Residual",154,1985.04244947777,NA,NA
